{
  "0": {
    "avg_r": 0.017562403637082166,
    "fee_bps_per_side": 0,
    "max_drawdown": -0.2247680379099266,
    "net_return": 0.5652571323049416,
    "trades": 376
  },
  "10": {
    "avg_r": -0.10690444856083513,
    "fee_bps_per_side": 10,
    "max_drawdown": -0.5161094803551002,
    "net_return": -0.18674286769505893,
    "trades": 376
  },
  "2": {
    "avg_r": -0.007330966802501289,
    "fee_bps_per_side": 2,
    "max_drawdown": -0.2628611792816685,
    "net_return": 0.41485713230494164,
    "trades": 376
  },
  "5": {
    "avg_r": -0.04467102246187651,
    "fee_bps_per_side": 5,
    "max_drawdown": -0.3421033384917929,
    "net_return": 0.18925713230494123,
    "trades": 376
  },
  "6.0": {
    "avg_r": -0.05711770768166817,
    "fee_bps_per_side": 6.0,
    "max_drawdown": -0.37546819568026885,
    "net_return": 0.11405713230494169,
    "trades": 376
  }
}