{
  "avg_r": -0.05711770768166817,
  "ending_equity": 1114057.1323049448,
  "max_drawdown": -0.37546819568026885,
  "sharpe_annualized": 0.1239245862515298,
  "total_trades": 376,
  "win_rate": 0.39361702127659576
}