{
  "0": {
    "avg_r": 0.025964431468901233,
    "fee_bps_per_side": 0,
    "max_drawdown": -0.19380662710925917,
    "net_return": 0.34547820778569827,
    "trades": 128
  },
  "10": {
    "avg_r": -0.05843431390241416,
    "fee_bps_per_side": 10,
    "max_drawdown": -0.2750323618059139,
    "net_return": 0.08947820778569805,
    "trades": 128
  },
  "2": {
    "avg_r": 0.00908468239463819,
    "fee_bps_per_side": 2,
    "max_drawdown": -0.2094931142642996,
    "net_return": 0.2942782077856984,
    "trades": 128
  },
  "5": {
    "avg_r": -0.016234941216756463,
    "fee_bps_per_side": 5,
    "max_drawdown": -0.23353518448297397,
    "net_return": 0.21747820778569815,
    "trades": 128
  },
  "6.0": {
    "avg_r": -0.024674815753887976,
    "fee_bps_per_side": 6.0,
    "max_drawdown": -0.24168941720558226,
    "net_return": 0.19187820778569814,
    "trades": 128
  }
}