{
  "avg_r": -0.024674815753887976,
  "ending_equity": 1191878.2077857007,
  "max_drawdown": -0.24168941720558226,
  "sharpe_annualized": 0.5166433432496761,
  "total_trades": 128,
  "win_rate": 0.40625
}