{
  "0": {
    "avg_r": -0.028176883031838327,
    "fee_bps_per_side": 0,
    "max_drawdown": -0.1612541866994537,
    "net_return": -48109.41272725409,
    "trades": 331
  },
  "10": {
    "avg_r": -0.1530271750156354,
    "fee_bps_per_side": 10,
    "max_drawdown": -0.2597568036555344,
    "net_return": -238628.45810049155,
    "trades": 331
  },
  "2": {
    "avg_r": -0.05314694142859775,
    "fee_bps_per_side": 2,
    "max_drawdown": -0.1790448435450036,
    "net_return": -87836.66379629332,
    "trades": 331
  },
  "4.0": {
    "avg_r": -0.07811699982535714,
    "fee_bps_per_side": 4.0,
    "max_drawdown": -0.19690594509030698,
    "net_return": -126734.6770286673,
    "trades": 331
  },
  "5": {
    "avg_r": -0.09060202902373686,
    "fee_bps_per_side": 5,
    "max_drawdown": -0.20586448653091383,
    "net_return": -145878.26857841213,
    "trades": 331
  }
}