{
  "0": {
    "avg_r": 0.0,
    "fee_bps_per_side": 0,
    "max_drawdown": -9.298193224568912e-08,
    "net_return": -0.04483608813862927,
    "trades": 40
  },
  "10": {
    "avg_r": 0.0,
    "fee_bps_per_side": 10,
    "max_drawdown": -1.3359792716801166e-07,
    "net_return": -0.12383608813862931,
    "trades": 40
  },
  "2": {
    "avg_r": 0.0,
    "fee_bps_per_side": 2,
    "max_drawdown": -9.899655593889747e-08,
    "net_return": -0.0606360881386293,
    "trades": 40
  },
  "5": {
    "avg_r": 0.0,
    "fee_bps_per_side": 5,
    "max_drawdown": -1.1159655586269761e-07,
    "net_return": -0.0843360881386293,
    "trades": 40
  },
  "6.0": {
    "avg_r": 0.0,
    "fee_bps_per_side": 6.0,
    "max_drawdown": -1.1579655595539296e-07,
    "net_return": -0.09223608813862927,
    "trades": 40
  }
}