{
  "0": {
    "avg_r": -0.13205501335884184,
    "fee_bps_per_side": 0,
    "max_drawdown": -0.04155258365109044,
    "net_return": -0.02490487923811857,
    "trades": 6
  },
  "10": {
    "avg_r": -0.24827447895334642,
    "fee_bps_per_side": 10,
    "max_drawdown": -0.04484025756841604,
    "net_return": -0.03590487923811858,
    "trades": 6
  },
  "2": {
    "avg_r": -0.15529890647774275,
    "fee_bps_per_side": 2,
    "max_drawdown": -0.04220646027954867,
    "net_return": -0.027104879238118575,
    "trades": 6
  },
  "5": {
    "avg_r": -0.19016474615609413,
    "fee_bps_per_side": 5,
    "max_drawdown": -0.04319069279266841,
    "net_return": -0.030404879238118576,
    "trades": 6
  },
  "6.0": {
    "avg_r": -0.20178669271554459,
    "fee_bps_per_side": 6.0,
    "max_drawdown": -0.04351968546245371,
    "net_return": -0.031504879238118566,
    "trades": 6
  }
}