{
  "avg_r": -0.07811699982535714,
  "ending_equity": 873265.3229713327,
  "max_drawdown": -0.19690594509030698,
  "total_trades": 331,
  "win_rate": 0.3413897280966767
}