{
  "avg_r": 0.0,
  "ending_equity": 968495.1207618815,
  "max_drawdown": -0.04351968546245371,
  "total_trades": 6,
  "win_rate": 0.0
}