{
  "avg_r": 0.0,
  "ending_equity": 999999.9077639119,
  "max_drawdown": -1.1579655595539296e-07,
  "total_trades": 40,
  "win_rate": 0.0
}