anchor_hour,n,delta_realized_vol_mean,delta_range_expansion,delta_tail_move_probability,delta_tail_move_within
0,272,-0.0007596162924958714,-0.01118061232168259,-0.022437841115827774,-0.46691176470588236
8,213,0.00017393276760117865,0.011412892051429795,0.005082038623493539,-0.028169014084507043
16,254,-0.0005693281168451189,-0.008326622019627623,-0.010836918581053658,-0.5511811023622047
