{
  "0": {
    "avg_r": -0.019902001806160755,
    "fee_bps_per_side": 0,
    "max_drawdown": -0.251046257735704,
    "net_return": 0.2922852426104574,
    "trades": 316
  },
  "10": {
    "avg_r": -0.1439788979506655,
    "fee_bps_per_side": 10,
    "max_drawdown": -0.5641713798898726,
    "net_return": -0.33971475738954304,
    "trades": 316
  },
  "2": {
    "avg_r": -0.044717381035061704,
    "fee_bps_per_side": 2,
    "max_drawdown": -0.2924211006664791,
    "net_return": 0.16588524261045756,
    "trades": 316
  },
  "5": {
    "avg_r": -0.08194044987841317,
    "fee_bps_per_side": 5,
    "max_drawdown": -0.37819444163035454,
    "net_return": -0.023714757389542873,
    "trades": 316
  },
  "6.0": {
    "avg_r": -0.09434813949286358,
    "fee_bps_per_side": 6.0,
    "max_drawdown": -0.41418020819141604,
    "net_return": -0.08691475738954253,
    "trades": 316
  }
}