{
  "avg_r": -0.09434813949286358,
  "ending_equity": 913085.2426104594,
  "max_drawdown": -0.41418020819141604,
  "net_total_return": -0.08691475738954062,
  "sharpe_annualized": -0.11352108101855829,
  "total_trades": 316,
  "win_rate": 0.3829113924050633
}